True_Label,Predicted_Label,Probability
0,0,0.009028982
0,0,0.0008745364
0,0,0.012610579
0,0,0.004383724
0,0,0.049436476
0,0,0.36800566
0,0,0.00037155312
0,0,0.031086942
0,0,0.0007540729
0,0,0.0027638725
1,1,0.9328211
0,0,0.27523458
0,0,0.07372562
0,0,0.005053526
0,0,0.0005946097
0,0,0.11368499
0,0,0.001341931
0,0,0.02980988
0,0,0.004683096
0,0,0.0029435419
0,0,0.08397115
0,0,0.0010864343
0,0,0.0005054826
0,0,0.0004666294
0,0,0.007825524
0,0,0.054242514
0,0,0.032219745
1,1,0.9894493
0,0,0.00018180425
0,0,0.0010176125
0,0,0.38800186
0,0,0.0017719158
1,1,0.9870368
0,0,0.054597635
0,0,0.00033463122
0,0,0.26901582
0,0,0.00302593
0,0,0.00087396
0,0,0.0016872599
0,0,0.07538006
1,1,0.9828226
0,0,0.026717583
0,0,0.016685791
0,0,0.0060357847
0,0,0.0066235983
0,0,0.010815428
0,0,0.00055204175
0,0,0.005609725
1,1,0.89190763
0,0,0.00028999217
1,1,0.94550943
0,0,0.23905696
0,0,0.019918844
0,0,0.0835119
0,0,0.00041726904
0,0,0.00051265967
0,0,0.43030947
0,0,0.00022863854
0,0,0.352984
0,0,0.0015825807
0,0,0.019470267
0,0,0.0016355827
0,0,0.008356233
0,0,0.023540912
1,0,0.35624477
0,0,0.06829118
0,0,0.00068088423
0,0,0.0007905147
0,0,0.07511754
0,0,0.0044296733
0,0,0.04048642
0,0,0.011297365
0,0,0.0012709723
0,0,0.0003778902
0,0,0.020843932
0,0,0.00070874416
0,0,0.015614459
0,0,0.00040237894
0,0,0.05224723
0,0,0.010068757
0,0,0.0008735637
1,1,0.5561829
0,0,0.00073421135
1,1,0.9943521
0,0,5.5896806e-05
0,0,0.005254311
0,0,0.00036836744
0,0,0.0006065519
0,0,0.00858346
1,1,0.6716903
0,0,0.00039442367
0,0,0.10740551
0,0,0.001833367
0,0,0.0009897292
0,0,0.001044483
0,0,0.0031186296
0,0,0.0004304785
0,0,0.0013279528
1,1,0.8973818
0,0,0.0005105688
0,0,0.0004787324
0,0,0.012888129
0,0,0.05650954
0,0,0.0031404807
0,0,0.0027037002
1,1,0.64514685
0,0,0.2723588
0,0,0.43207827
0,0,0.00017916475
0,0,0.0073138066
1,1,0.9057942
0,0,0.041632738
0,0,0.001917458
0,0,0.08306607
1,1,0.85336936
0,0,0.005475158
0,0,0.03089071
0,0,0.05367713
0,0,0.0003892922
0,0,0.0036883627
0,0,0.0005141665
0,0,0.0050246175
0,0,0.0004350118
0,0,0.007896641
0,0,0.0055013034
1,1,0.9704159
0,0,0.0025567901
0,0,0.0773913
0,0,0.08937334
0,0,0.00095771364
0,0,0.004166703
0,0,0.14232571
0,0,0.0019619882
0,0,0.00018425798
0,0,0.006504076
0,0,8.871327e-05
0,0,0.002792906
0,0,5.2713414e-05
1,1,0.65846294
0,0,0.025140034
0,0,0.015139598
0,0,0.007987027
0,0,0.025337776
0,0,0.0008411105
0,0,0.00056417973
0,0,0.0017966869
1,1,0.7918456
0,0,0.048441257
0,0,0.0032924067
0,0,0.002770109
0,0,0.006763569
0,0,0.00041101483
1,1,0.99515533
0,0,0.018893449
0,0,0.08097798
0,0,0.00042306585
0,0,0.00048122182
0,0,0.001680032
0,0,0.0010670064
1,1,0.9089615
0,0,0.0010277021
0,0,0.014456769
0,0,0.0029603434
0,0,0.0075182905
0,0,0.0019632063
0,0,0.016531488
0,0,0.0021332258
0,0,0.0029395309
0,0,0.0093455985
0,0,0.0006535798
0,0,0.0001235719
0,0,0.00015966404
0,0,0.0015829984
0,0,0.0069127725
0,0,0.00042961858
0,0,0.43995547
0,0,0.010101324
0,0,0.0006989574
0,0,0.00027001358
0,0,0.0005866611
1,0,0.37475896
0,0,0.04237577
0,0,0.0002529976
0,0,0.0010196465
0,0,0.0031120249
0,0,0.07007098
0,0,0.055336032
1,1,0.5251513
0,0,0.00080002454
1,0,0.4035631
0,0,0.08305786
0,0,0.055263195
0,0,0.0014687972
0,0,0.024486812
0,0,0.03903933
0,0,0.3413174
0,0,0.002157468
0,0,0.007987148
0,0,0.0031799853
0,0,0.00030422033
0,0,0.08584608
1,1,0.989999
0,0,0.0117840655
0,0,0.048845258
0,0,0.0043671126
0,0,0.0031114225
0,0,0.00082161126
0,1,0.60459167
0,0,0.0043811817
0,0,0.35838258
0,0,0.0018872701
0,0,0.10119577
0,0,0.0044524884
0,0,0.002954329
0,0,0.0022636554
0,0,0.012892547
0,0,0.07267427
0,0,0.00063003
1,1,0.932657
0,0,0.0031762845
0,0,0.0007057246
1,1,0.69696736
0,0,0.0370216
0,0,0.061222494
0,0,0.0044270325
0,0,0.0018180236
0,0,0.013489288
0,0,0.006529189
0,0,0.43399572
0,0,0.030351533
1,1,0.9265947
0,0,0.0017949919
1,1,0.9442215
0,0,0.00092689524
0,0,8.686541e-05
0,0,0.00074937893
0,0,0.00085795455
0,0,0.00073120923
0,0,0.061377764
0,0,0.00086860603
0,0,0.0037594745
0,0,0.00046713228
0,0,0.2599628
0,0,0.0066608684
0,0,0.0003718754
0,0,0.08320655
0,0,0.002955742
0,0,0.005935226
0,0,0.4198884
0,0,0.0014458108
0,0,0.01994731
0,0,0.08292654
0,0,0.004631037
0,0,0.0043600462
0,0,0.00064629567
0,0,0.13401853
0,0,0.00026468592
0,0,0.13120535
0,0,0.0004160344
0,0,0.0070682485
0,0,0.10174964
0,0,0.00035980577
0,0,0.0010327549
0,0,0.0013923601
0,0,0.00023979064
0,0,0.004855484
0,0,0.06390022
0,0,0.008454804
0,0,0.086142465
0,0,0.0046401387
0,0,0.013390745
0,0,0.011260927
0,0,0.0011982614
0,0,0.00026788554
1,1,0.84703785
1,1,0.9125448
0,0,0.0010000856
0,0,0.0050717024
1,1,0.77652997
0,0,0.00054979406
0,0,0.0637214
0,0,0.00037187382
0,0,0.00018458327
0,0,0.094600774
0,0,0.04835938
0,0,0.023968834
0,0,0.0015890555
0,0,0.00014754159
0,0,0.00016101125
0,0,0.006859261
0,0,0.43089664
0,0,0.0012057676
0,0,0.003404576
0,0,0.00074436265
0,0,0.020302443
0,0,0.00081141776
0,0,0.05425714
0,0,0.011254024
0,0,0.0011466007
0,0,0.02738471
0,0,0.042412687
0,0,0.0005462671
0,0,0.0009120591
0,0,0.020940814
0,0,0.0137200095
1,0,0.3523666
0,0,0.0011260648
0,0,0.00020237532
0,0,0.00078846567
0,0,0.001133373
0,0,0.00040752205
0,0,0.0040852404
0,0,0.0013047856
0,0,0.000121303485
0,0,0.0004167433
0,0,0.038108658
0,0,0.008264599
0,0,0.0007791448
0,0,0.0009528747
0,0,0.004680618
0,0,0.08924274
0,0,0.00069708115
0,0,0.089699045
0,0,0.0024521728
1,1,0.6379405
0,0,0.032073464
0,0,0.005726436
0,0,0.000525526
1,0,0.37983152
0,0,0.0009534414
0,0,0.0036555836
0,0,0.0025128184
0,0,0.0028154294
0,0,0.0020885547
0,0,0.06932901
0,0,0.0006099653
0,0,0.0010629543
0,0,0.0042031575
0,0,0.073893026
0,0,0.40992722
0,0,0.022780757
0,0,0.00091369264
0,0,0.04602292
1,0,0.3247507
0,0,0.004746641
0,0,0.000107405256
0,0,0.0012258949
0,0,0.002428459
0,0,0.0071907137
0,0,0.0005716101
0,0,0.007912212
0,0,0.0007224036
0,0,0.0033030326
1,0,0.37639964
0,0,0.030464595
0,0,0.031080088
1,0,0.3262705
0,0,0.00034614402
0,0,0.003459397
0,0,0.0057891947
0,0,0.0030586454
1,1,0.6309088
1,1,0.8273229
1,1,0.99168056
0,0,0.13303119
1,1,0.9889341
0,0,0.012810982
0,0,0.00019026069
0,0,0.0025380515
0,0,0.10031557
0,0,0.069049746
0,0,0.008885168
0,0,0.066897795
1,1,0.9521844
0,0,0.0009748817
0,0,0.15180498
0,0,0.0041258605
0,0,0.014611447
0,0,0.0009981333
0,0,0.020502359
0,0,0.0013604104
0,0,0.00063268875
0,0,0.001870052
0,0,0.08341614
0,0,0.006012734
1,1,0.65956473
0,0,0.0036919108
0,0,0.022449182
1,1,0.9868918
0,0,0.0025066098
0,0,0.00038753988
0,0,0.099807456
0,0,0.0174212
0,0,0.013690295
0,0,0.00021725857
0,0,0.0032931766
0,0,0.00083505886
0,0,0.010020654
0,0,0.0045919693
0,0,0.00071322074
0,0,0.0028127655
0,0,0.00084420026
0,0,0.019005816
0,0,0.066834755
0,0,0.0058284
1,0,0.36540276
0,0,0.0030259958
1,1,0.9278509
0,0,0.022419486
0,0,0.03437544
0,0,0.0007046443
0,0,0.0006520542
0,0,0.017612325
0,0,0.02754523
0,0,0.011599291
0,0,0.00712353
0,0,0.004583642
0,0,0.00018729224
0,0,0.23687747
0,0,0.00072292826
1,1,0.9276517
0,0,0.098327264
0,0,0.14330326
0,0,0.004353812
0,0,0.0005613768
0,0,0.0005887086
0,0,0.0007817325
0,0,0.0039870427
0,0,0.005175417
0,0,0.044554573
0,0,0.09141065
0,0,0.00014727538
0,0,0.00081110926
0,0,0.00095369935
0,0,0.22185272
0,0,0.0006894332
1,1,0.8642992
0,0,0.00022450196
0,0,0.023729742
0,0,0.00043301887
0,0,0.0036873096
0,0,0.0012893614
0,0,0.0023078958
0,0,0.0022087765
0,0,0.00030524007
0,0,0.007619923
1,1,0.952535
0,0,0.028788779
0,0,0.0028564972
0,0,0.00016194231
1,1,0.90378547
0,0,0.010917445
0,0,0.00021072067
0,0,0.23712072
0,0,0.06561029
0,0,0.004083056
0,0,0.10069053
0,0,0.27942458
0,0,0.0017712268
1,1,0.967478
1,1,0.84004575
0,0,0.00033661228
0,0,0.0025286481
0,0,0.00066446344
0,0,0.23890124
0,0,0.0075794403
0,0,0.0098265335
0,0,0.020806484
0,0,0.16689377
0,0,0.00035427758
1,1,0.95994335
0,0,0.004171128
0,0,0.0063181566
0,0,0.10301326
0,0,0.0013605087
0,0,0.0024933184
0,0,0.004632173
0,0,0.09860414
0,0,0.001898012
0,0,0.0025871263
0,0,0.00064084295
0,0,0.005369646
0,0,0.0058793435
0,0,0.0007328423
0,0,0.0008086656
0,0,0.06674233
0,0,0.0014346425
0,0,0.005471988
0,0,0.0010622906
1,1,0.681988
0,0,0.32884613
0,0,0.007976199
1,1,0.9371609
0,0,0.023087494
0,0,0.016924527
0,0,0.001416707
0,0,0.43833116
0,0,0.050219562
0,0,0.000104791005
0,0,0.107153796
0,0,0.0024144033
0,0,0.088254176
0,0,0.00020953197
0,0,0.032727215
0,0,0.00028168768
0,0,0.01586482
0,0,0.048131134
0,0,0.0058678384
1,1,0.8728441
0,0,0.0030199485
0,0,0.09655098
0,0,0.0039733434
0,0,0.00018588586
0,0,0.0013220513
0,0,0.0025971283
0,0,0.075956754
0,0,0.010131329
0,0,0.003524068
1,1,0.81619215
1,1,0.99594706
0,0,0.00075417815
0,0,0.010818684
0,0,0.027988734
0,0,0.0038160726
0,0,0.0010159918
0,0,0.0023379717
0,0,0.00021565704
0,0,0.0013736769
0,0,0.0008093552
0,0,0.0010353053
0,0,0.012956939
0,0,0.00035998915
0,0,0.0013324496
0,0,0.0010086636
0,0,0.0054148496
0,0,0.00049552583
0,0,0.105163045
0,0,0.0014957871
0,0,0.012934339
0,1,0.6044906
0,0,0.0034479385
0,0,0.17032142
1,1,0.9265133
0,0,0.03143637
0,0,0.0026462385
0,0,0.000752361
0,0,0.00028346552
0,0,0.007602383
0,0,0.09188828
0,0,0.37108833
0,0,0.009008859
1,0,0.46300408
0,0,0.0013050069
0,0,0.0018031301
0,0,0.0010385301
0,0,0.081655264
0,0,0.0035128936
0,0,0.0046020607
0,0,0.13908973
1,0,0.358821
0,0,0.011497289
0,0,0.0022177906
0,0,0.00019020482
0,0,0.0010085636
0,0,0.0756093
1,0,0.43636557
0,0,0.0012753517
0,0,0.06449608
0,0,0.0013865973
0,0,0.0035490047
0,0,0.0036845272
0,0,0.0005359343
0,0,0.07784696
0,0,0.0012579844
1,1,0.9372766
0,0,0.0074454546
0,0,0.0004043111
0,0,0.00055696623
1,1,0.9378316
0,0,0.06322641
0,0,0.00016658145
0,0,0.17002948
0,0,0.0036480578
0,0,0.004860643
0,0,0.00056724757
0,0,0.00812356
0,0,0.0021782832
0,0,0.00026859625
0,0,0.0006818963
0,0,0.22753616
0,0,0.000514467
0,0,0.18827863
0,0,0.04224486
0,0,0.0006060142
0,0,0.003928449
0,0,0.27212596
0,0,0.0019122598
0,0,0.030534841
0,0,0.0011627349
0,0,0.0059119123
0,0,0.009088425
0,0,0.0014944688
0,0,0.02549139
0,0,0.0016085055
0,0,0.0021523137
0,0,0.00092405843
0,0,0.0002757375
0,0,0.00017716562
0,0,0.044383988
0,0,0.031343404
0,0,0.019523675
0,0,0.00017474368
0,0,0.0004072954
0,0,0.02395529
0,0,0.0017628057
1,1,0.542642
0,0,0.0001480306
0,0,0.083259344
0,0,0.00026094166
0,0,0.0037710217
0,0,0.006079957
0,0,0.09004354
0,0,0.11888378
0,0,0.0020265451
0,0,0.04038603
0,0,0.00042300756
0,0,0.083009265
0,0,0.32300046
0,0,0.007795149
0,0,0.00073030323
0,0,0.019004762
0,0,0.0021821235
0,0,0.00021584198
0,0,0.0026564382
0,0,0.027314147
0,0,0.0024067871
0,0,0.11389793
0,0,0.00030197419
0,0,0.0052991267
0,0,0.005429618
0,0,0.00075536856
0,0,0.00026915973
0,0,0.001624165
0,0,0.0024122992
0,0,0.0025022975
0,0,0.0016842104
0,0,0.009702193
0,0,0.0018690198
0,0,0.0155589795
0,0,0.0009237899
0,0,0.006730664
0,0,0.017449465
0,0,0.00033968838
0,0,0.0015668897
0,0,0.0003167209
1,1,0.68977004
0,0,0.014825665
0,0,0.0008189767
0,0,0.019013127
0,0,0.00039356714
0,0,0.0022120934
0,0,0.0022386964
0,0,0.010974866
0,0,0.00068121555
0,0,0.008803957
0,0,0.0010219086
0,0,0.00079885055
0,0,0.0017107283
0,0,0.023693249
0,0,0.0012962241
0,0,0.015412868
0,0,0.4261921
0,0,0.0012306905
0,0,0.00061239494
0,0,0.0011421052
0,0,0.038351413
0,0,0.0005984683
0,0,0.0009558052
0,0,0.00039289746
0,0,0.0005450085
0,0,0.015611154
0,0,0.0037128737
0,0,0.0054038824
0,0,0.002850045
0,0,0.15579863
0,0,0.0042573046
0,0,0.2667689
0,0,0.002632533
0,0,0.00037583767
0,0,0.081264116
0,0,0.0050015086
0,0,0.00042156584
1,1,0.597902
1,1,0.9874299
1,1,0.98447096
0,0,0.00096478657
0,0,0.004769839
1,1,0.94568616
0,0,0.0013456412
0,0,0.01405306
0,0,0.105423346
0,0,0.000631174
0,0,0.021688083
0,0,0.058973037
0,0,0.00074880646
0,0,0.21244247
1,1,0.91198593
0,0,0.0017311729
0,0,0.123247854
0,0,0.0060252063
0,0,0.0048251604
0,0,0.0063960925
0,0,0.0011775801
0,0,0.002657387
0,0,0.00077568844
0,0,0.00062785886
0,0,0.027023999
0,0,0.0018290838
0,0,0.04621301
0,0,0.0054039103
0,0,0.087389074
0,0,0.00045376754
0,0,0.004403523
0,0,0.0005301062
0,0,0.06941991
0,0,0.0071465094
0,0,0.009033036
0,0,0.0004135238
0,0,0.006083029
0,0,0.29372063
0,0,0.07640266
0,0,0.00044517897
0,0,0.0028626677
0,0,0.012782309
0,0,0.26388022
0,0,0.030848114
0,0,0.0004759679
0,0,0.0005316199
1,1,0.8041768
0,0,0.22117832
1,1,0.98464835
0,0,0.0028273694
0,0,0.08314904
1,1,0.9002693
0,0,0.0039809784
1,1,0.9322683
0,0,0.3434425
0,0,0.19937886
0,0,0.0012299136
0,0,0.004003441
0,0,0.13204314
1,1,0.98977405
0,0,0.0010806426
1,1,0.9917706
0,0,0.002638849
0,0,0.00392641
0,0,0.0076922653
0,0,0.0040088785
0,0,0.00022451118
0,0,0.033403896
0,0,0.030626478
0,0,0.00020958952
1,1,0.9238619
0,0,0.0055210427
0,0,0.0077225263
0,0,0.0022171533
0,0,0.000602223
0,0,0.35057202
0,0,0.000542551
0,0,0.00061692245
0,0,0.0010870685
0,0,0.0008664977
0,0,0.0005964729
1,1,0.9012278
1,0,0.41713727
0,0,0.0005574179
1,1,0.96753156
1,1,0.64729035
1,0,0.43690503
0,0,0.0051775286
0,0,0.044214778
0,0,0.0006425894
0,0,0.0012798504
0,0,0.01729012
0,0,0.022968734
0,0,0.017459689
0,0,0.0021133318
0,0,0.0028097455
0,0,0.008555948
0,0,0.0001437503
0,0,0.0073612076
1,1,0.9799622
0,0,0.06287419
1,1,0.9494488
0,0,0.07129153
0,0,0.00042598913
0,0,0.0028994926
1,1,0.84096193
0,0,0.021408448
0,0,0.13121323
0,0,0.021106884
0,0,0.0002518794
0,0,0.0019168102
0,0,0.00055178563
0,0,0.009868825
0,0,0.0001507812
0,0,0.0022243485
0,0,0.0011285626
0,0,0.0008405701
0,0,0.0006451664
0,0,0.0003801499
0,0,0.01899022
0,0,0.0004660346
0,0,8.101707e-05
0,0,0.4285328
0,0,0.0007821781
0,0,0.0031878233
1,1,0.97023916
0,0,0.0028851482
0,0,0.0015172767
0,0,0.0018386906
0,0,0.14755523
0,0,0.021122431
0,0,0.0010096258
0,0,0.00028540991
1,1,0.7285141
0,0,0.001078899
0,0,0.008667238
0,0,0.0074716406
0,0,0.0148550365
0,0,0.25358903
0,0,0.0019688369
0,0,0.00959408
1,1,0.9880995
0,0,0.00045087587
1,1,0.9868107
1,1,0.7815481
0,0,0.0044964603
1,1,0.94460964
0,0,0.0836076
0,0,0.00028430726
0,0,0.025028989
0,0,0.005531617
0,0,0.00048886327
0,0,0.00018237493
0,0,0.009686875
0,0,0.00085541303
0,0,0.21103252
0,0,0.029030569
0,0,0.00042188726
0,0,0.0016335726
0,0,0.004505002
0,0,0.0022610377
0,0,0.004833945
0,0,0.0009888244
0,0,0.0069364146
0,0,0.00035260295
0,0,0.0035231288
0,0,0.108121686
0,0,0.43639982
0,0,0.011282982
0,0,0.024115248
0,0,0.0031021305
0,0,0.027187197
0,0,0.009927655
0,0,0.0005126949
0,0,0.009827151
0,0,0.0830048
0,0,0.0005445025
1,1,0.9917991
0,0,0.0001927844
0,0,0.013886659
0,0,0.0014413944
0,0,0.053295203
1,1,0.9705244
0,0,0.0010373228
0,0,0.00060276163
0,0,0.0011478919
0,0,0.00019891647
0,0,0.0005861505
0,0,0.00049727294
0,0,0.025808934
0,0,0.0006037652
0,0,0.00064821076
0,0,0.00051405473
0,0,0.0004814301
0,0,0.0002801057
0,0,0.002644643
0,0,0.049123716
0,0,0.41262993
0,0,0.00027325336
0,0,0.037390977
0,0,0.021986278
0,0,0.0067769494
0,0,0.022179507
0,0,0.06650257
0,0,0.00062896026
0,0,0.00018582649
0,0,0.00025713953
0,0,0.40214697
1,1,0.8837054
0,0,0.0342078
0,0,0.007599229
0,0,0.10982189
0,0,0.14940879
0,0,0.004106178
0,0,0.00015391216
0,0,0.02910569
1,1,0.992493
0,0,0.1540852
0,0,0.0034675782
0,0,0.07798158
0,0,0.0010282614
0,0,0.0005374892
0,0,0.00046931233
0,0,0.051076367
0,0,0.0018382022
0,0,0.10775344
0,0,0.006301145
0,0,0.00079032604
0,0,0.0057453034
0,0,0.00033434774
0,0,0.00050542096
0,0,0.00026809302
0,0,0.0008522989
0,0,0.0015874949
0,0,0.00013424261
0,0,0.0114565315
0,0,0.0035739664
0,0,0.0009771329
0,0,0.016603546
0,0,0.0021323897
0,0,0.0011552607
0,0,0.2099107
0,0,0.1437602
0,0,0.0004756253
1,1,0.9787362
0,0,0.0011647757
0,0,0.023073172
0,0,0.24690485
0,0,0.015793497
0,0,0.006442081
0,0,0.0013114823
0,0,0.00045805017
0,0,0.16114724
0,0,0.00021125999
0,0,0.0012623311
0,0,0.005227492
1,1,0.9897475
0,0,0.0005281297
0,0,0.00057844975
0,0,0.00023221411
0,0,0.11694162
0,0,0.024112599
0,0,0.0013010678
0,0,0.025618728
0,0,0.0014121131
0,0,0.01318442
0,0,0.012992313
0,0,0.009873276
0,0,0.039431565
0,0,0.00021302886
0,0,0.020178078
0,0,0.08409774
0,0,0.022125253
1,1,0.7649039
0,0,0.0727355
1,0,0.43803087
0,0,0.43347284
0,0,0.04440788
0,0,0.027479423
0,0,0.0079351375
0,0,0.005596489
0,0,0.00045771495
0,0,0.00045905728
0,0,0.0020163974
0,0,0.0005319585
0,0,0.006013786
0,0,0.008409732
0,0,0.10929911
0,0,0.002526828
0,0,0.002500344
0,0,0.15737458
0,0,0.0009437352
0,0,0.0058893403
0,0,0.00029986867
0,0,0.00030566085
0,0,0.0061134766
0,0,0.0016887833
0,0,0.001398085
0,0,7.308438e-05
1,1,0.5352402
0,0,0.0003698783
0,0,0.0037728783
0,0,0.0003951551
0,0,0.00092881
0,0,0.048872117
0,0,0.00038553454
0,0,0.008104881
0,0,0.0008610438
0,0,0.00055328605
0,0,0.0071197604
0,0,0.012882884
1,1,0.7585421
0,0,0.01073173
1,1,0.9370059
0,0,0.00016081547
0,0,0.030052401
0,0,0.02033026
0,0,0.40845466
0,0,0.0028007766
1,1,0.9728846
0,0,0.0006320529
0,0,0.016313989
0,0,0.010605371
0,0,0.01267623
0,0,0.0028996756
0,0,0.000855112
0,0,0.013442811
0,0,0.016709177
0,0,0.0005761349
0,0,0.0021180836
0,0,0.0077515016
0,0,0.11434976
0,0,0.080102764
0,0,0.0040708934
0,0,0.008171365
1,1,0.9358429
0,0,0.08292515
0,0,0.08657132
0,0,0.025300808
0,0,0.061309535
0,0,0.03476167
0,0,0.4565665
0,0,0.00028645917
0,0,0.041689947
0,0,0.084904544
0,0,0.0077710776
0,0,0.0052262773
0,0,0.0010876294
0,0,0.0050403136
0,0,0.0009987439
0,0,0.00973977
0,0,0.00041707017
0,0,0.00056179106
0,0,0.0004582668
0,0,0.0036538858
0,0,0.016431801
0,0,0.0010443212
0,0,0.012484208
0,0,0.052426565
0,0,0.00050187175
0,0,0.007579156
0,0,0.0023325768
0,0,0.022221243
0,0,0.008724723
0,0,0.19878389
0,0,0.003097748
0,0,0.034817334
0,0,0.0016746727
0,0,0.01692459
0,0,0.0019707773
0,0,0.0039317454
0,0,0.016561128
0,0,0.15121795
0,0,0.07535164
0,0,0.0038804824
0,0,0.0006775806
0,0,0.00941187
0,0,0.0021537964
0,0,0.006029034
1,1,0.980907
0,0,0.0011209683
0,0,0.00055363314
0,0,0.00032092273
0,0,0.001143844
0,0,0.002963202
0,0,0.0040156734
0,0,0.0013656853
0,0,0.062622555
0,0,0.00087200524
0,0,0.0014673335
0,0,0.012078465
0,0,0.002348623
0,0,0.013069647
0,0,0.0011386627
0,0,0.073049076
0,0,0.04224438
0,0,0.0836228
1,1,0.9087987
1,1,0.97817105
1,0,0.43301514
0,0,0.24660166
0,0,0.19913411
0,0,0.0011334833
0,0,0.0017276172
0,0,0.011181769
0,0,0.0010601494
0,0,0.10963084
0,0,0.00044163963
0,0,0.000277622
0,0,0.018326167
0,0,0.08442504
0,0,0.001513829
0,0,0.0010137594
0,0,0.0013446022
0,0,0.00024912276
0,0,0.0010218604
0,0,0.26232636
0,0,0.00014473357
0,0,0.011492575
0,0,0.26574525
0,0,0.0024029925
0,0,0.011621771
0,0,0.0006164679
0,0,0.24143526
0,0,0.00029844433
0,0,0.06913006
0,0,0.0018949385
0,0,0.00015754213
0,0,0.00035488958
1,1,0.96516585
0,0,0.005661188
0,0,0.11146285
0,0,0.0017869226
0,0,0.14996178
0,0,0.0054725693
0,0,0.005493813
0,0,0.012211624
0,0,0.01564213
0,0,0.08906524
0,0,0.00013367496
0,0,0.1241681
1,1,0.8852518
0,0,0.029768212
0,0,0.010724286
0,0,0.1074219
0,0,0.00038797013
0,0,0.0025639236
0,0,0.18895915
0,0,0.0011967192
0,0,0.0008309425
0,0,0.016122248
0,0,0.1891793
0,0,0.04373341
0,0,0.00056877243
1,1,0.9923752
0,0,0.003580124
0,0,0.00038138442
1,1,0.74914926
1,1,0.941778
0,0,0.1314267
0,0,0.05257451
0,0,0.07479506
0,0,0.0027630893
0,0,0.08464525
0,0,5.75147e-05
0,0,0.018045435
0,0,0.00016129907
0,0,0.001200424
0,0,0.0067209518
1,0,0.35303193
1,1,0.99411196
0,0,0.004171928
0,0,0.0017865457
1,1,0.9010774
0,0,0.014428732
1,0,0.4889043
0,0,0.000730956
1,1,0.9628974
0,0,0.05100236
0,0,0.00043976767
0,0,0.0018907909
0,0,0.0072860313
0,0,0.0013408248
0,0,0.013388842
0,0,0.00013718056
0,0,0.00022426408
0,0,0.029522652
0,0,0.0017497703
0,0,0.03956431
0,0,0.07885454
0,0,8.969106e-05
0,0,0.2685147
1,1,0.8773648
1,1,0.54789937
0,0,0.0019323509
0,0,0.011274826
0,0,0.0024962088
0,0,0.00032240452
0,0,0.007721292
0,0,0.2678687
0,0,0.10131758
0,0,0.0008935074
0,0,0.001662097
0,0,0.018723335
0,0,0.002252081
0,0,0.08585862
0,0,0.006221873
0,0,0.000697936
0,0,0.0026368042
0,0,0.018616918
0,0,0.0029834304
0,0,0.0069174347
1,0,0.504407
0,0,0.052773565
0,0,0.003819259
1,1,0.5766322
0,0,0.00036182572
0,0,0.0014266015
0,0,0.00054246717
1,0,0.42936513
0,0,0.013584521
0,0,0.0009173873
0,0,0.00016695545
0,0,0.016674679
0,0,0.0056868102
0,0,0.0018275663
0,0,0.023736427
1,1,0.9406199
0,0,0.000881164
0,0,0.0052683135
0,0,0.020089725
0,0,0.00018479425
0,0,0.0014383277
0,0,0.29736915
0,0,0.0301158
0,0,0.0015340027
0,0,0.0004697857
0,0,0.04750416
0,0,0.0040508485
0,0,0.0010609581
0,0,0.0017210377
0,0,0.001200377
0,0,0.00043318237
0,0,0.0039967876
0,0,0.252566
0,0,0.0013640365
0,0,0.0022732886
0,0,0.0013699874
0,0,0.08299115
0,0,0.000542701
0,0,0.00033335277
0,0,0.0005851396
0,0,0.0028439942
0,0,0.005823525
0,0,0.0024979748
0,0,0.0010663362
0,0,0.43442944
0,0,0.00052125484
0,0,0.0125751
0,0,0.09124958
0,0,0.0005584946
0,0,0.00088053156
0,0,0.0003454891
0,0,0.0028022963
0,0,0.0011779654
0,0,0.09602406
0,0,0.00027626008
0,0,0.10615718
0,0,0.012564038
0,0,0.2654808
0,0,0.0019229907
1,0,0.47198185
0,0,0.03665844
0,0,0.015413439
0,0,0.013392451
0,0,0.060489107
0,0,0.0075296885
0,0,0.027055169
0,0,0.00045451216
0,0,0.23596102
0,0,0.0011154334
0,0,0.008574717
0,0,0.00011948983
0,0,0.0022974142
0,0,0.00013719677
0,0,0.0015998862
0,0,0.020606058
0,0,0.00064726255
0,0,0.040485144
0,0,0.0013709043
0,0,0.05222445
0,0,0.14830197
0,0,0.0007099095
0,0,0.003202887
0,0,0.0039028686
0,0,0.00044065475
0,0,0.0028689546
0,0,0.00030698674
0,0,0.091333255
0,0,0.053087417
0,0,0.21881858
1,1,0.9095503
0,0,0.21296751
0,0,0.0033892628
1,1,0.6847533
0,0,0.0471625
0,0,0.016278315
0,0,0.17389223
1,0,0.43877825
0,0,9.053221e-05
0,0,0.0018577495
1,1,0.9175033
0,0,0.00032216765
0,0,0.013805352
1,1,0.7566391
0,0,0.0013426322
0,0,0.00019042494
0,0,0.0029266598
1,1,0.9863993
0,0,0.0016212364
0,0,0.043836106
0,0,0.32619488
0,0,0.0011977399
0,0,0.005215881
0,0,0.0018870628
0,0,0.0009859871
1,1,0.8025818
0,1,0.76042724
0,0,0.17212382
0,0,0.002314309
0,0,0.011353394
0,0,0.0017113587
0,0,0.004316346
0,0,0.052461624
0,0,0.14928079
0,0,0.06464724
0,0,0.0025482895
0,0,0.0026573767
0,0,0.000572063
0,0,0.040711284
0,0,0.00303775
0,0,0.0036213242
0,0,0.0006745433
0,0,0.028838435
0,0,0.0009009019
0,0,0.0070098937
0,0,0.0067936988
0,0,0.027994482
0,0,0.015216735
0,0,0.04625605
0,0,0.0011193868
0,0,0.2817234
0,0,0.065973945
0,0,0.080834486
0,0,0.00089575734
0,0,0.07858195
0,0,0.009025754
1,0,0.4655978
0,0,0.0007749053
0,0,0.013095861
0,0,0.000639739
0,0,0.0017692972
0,0,0.012582857
0,0,7.9395344e-05
0,0,0.015978146
0,0,0.12359773
0,0,0.00978748
0,0,0.0018779293
0,0,0.0011852873
0,0,0.0028059124
0,0,0.011415766
0,0,0.004515368
0,0,0.015826508
1,1,0.97580534
0,0,0.009996512
0,0,0.0015062131
0,0,0.00018654903
0,0,0.14671712
0,0,0.048196115
0,0,0.0008525865
0,0,0.0072148647
0,0,0.24838626
0,0,0.0027398888
0,0,0.0038281353
0,0,0.0073990137
0,0,0.00064205343
0,0,0.036529217
0,0,0.0017705507
0,0,0.0006409343
0,1,0.5754373
0,0,0.0035554117
0,0,0.0003229364
0,0,0.0038605698
0,0,0.046966113
0,0,0.34055257
0,0,0.007978414
0,0,0.006534465
1,0,0.49327645
0,0,0.00041418243
0,0,0.18460567
0,0,0.041445736
1,1,0.808061
0,0,0.00017286898
0,0,0.0019823923
0,0,0.0003775042
0,0,0.21629204
0,0,0.0012049767
1,0,0.25089374
0,0,0.08367481
0,0,0.1425788
0,0,0.002644012
0,0,0.0038090926
0,0,0.0025619075
0,0,0.0011404635
0,0,0.00070995727
0,0,0.047350004
0,0,0.028673405
0,0,0.015767088
0,0,0.00032258776
0,0,0.00031270704
0,0,0.0020012076
0,0,0.00077622454
0,0,0.08318467
0,0,0.0005773327
0,0,0.009511711
0,0,0.0075865374
0,0,0.0015154168
0,0,0.012792428
0,0,0.0023175539
0,0,0.086194485
0,0,0.0075346436
0,0,0.2643353
0,0,0.009024598
0,0,0.0007717752
0,0,0.007568558
0,0,0.0009049101
0,0,0.000780598
0,0,0.00017468752
0,0,0.0019047081
0,0,0.00058109994
0,0,0.23824012
0,0,0.0054187337
0,0,0.0024753686
0,0,0.0012048343
0,0,0.00019411597
1,1,0.99198115
0,0,0.007141115
0,0,0.00053785025
0,0,0.0006347113
0,0,0.0021138578
0,0,0.00055213016
0,0,0.0010255006
0,0,0.038730506
0,0,0.0057819784
0,0,0.0014548717
0,0,0.043636832
1,0,0.23878378
0,0,0.00058401196
0,0,0.028381301
0,0,0.006906977
1,0,0.36932197
0,0,0.0024803954
0,0,0.0012062697
0,0,0.00048000272
0,0,0.0005473486
0,0,0.0015268952
0,0,0.039180133
0,0,0.004803154
0,0,0.33241844
0,0,0.003037727
0,0,0.026719999
1,1,0.6515537
0,0,0.00049216667
1,1,0.93538296
0,0,0.0007803124
0,0,0.0007089839
0,0,0.0002770651
0,0,0.24836452
0,0,0.0043628127
0,0,0.00074320514
0,0,0.00046840578
0,0,0.00036776904
0,0,0.00021794053
1,1,0.6091223
0,0,0.0028653883
0,0,0.00015475362
1,1,0.9426797
0,0,0.008343693
0,0,0.0040808306
0,0,0.0071876026
0,0,0.16876206
0,0,0.0024567668
0,0,0.012603004
0,0,0.0013751168
1,0,0.11708709
0,0,0.00041983894
0,0,0.018609645
0,0,0.0011768608
0,0,0.06497419
0,0,0.0003903247
0,0,0.0008299161
0,0,0.022654107
0,0,0.0702868
1,0,0.08627954
0,0,0.08242707
0,0,0.00035895145
0,0,0.0023063812
0,0,0.0030690518
0,0,0.0014779085
1,1,0.9895182
0,0,0.0063098157
0,0,0.00041581356
0,0,0.0082211895
0,0,0.00034582656
0,0,0.14186382
0,0,0.03344216
0,0,0.1951658
0,0,0.00026190176
0,0,0.2136037
0,0,0.07529149
0,0,0.0034533495
0,0,0.035916366
0,0,0.0055576726
0,0,0.00050161756
0,0,0.0022509892
0,0,0.0002886122
0,0,0.001794569
0,0,0.0014905921
0,0,0.0025759854
0,0,0.011792359
0,0,0.09176539
0,0,0.0101783825
0,0,0.00024519453
0,0,0.007823543
0,0,0.00045643965
0,0,0.0066105314
0,0,0.048813157
0,0,0.02238063
0,0,0.0004249603
0,0,0.00024486025
0,0,0.00057077984
0,0,0.00072937505
0,0,0.006022397
0,0,0.17251183
0,0,0.022205038
0,0,0.023685869
1,0,0.42097217
0,0,0.0023865725
0,0,0.0094375145
0,0,0.003374086
0,0,0.22858697
0,0,0.0026685821
0,0,0.0010481237
0,0,0.0009268519
0,0,0.013773364
0,0,0.0021935897
0,0,0.005834515
0,0,0.03287317
0,0,0.0010683673
1,1,0.98051596
1,1,0.7173155
0,0,0.022198977
0,0,0.0146686025
0,0,0.23031236
0,0,0.00010520231
0,0,0.0015374215
0,0,0.00059597596
0,0,0.0021274327
0,0,0.0007494986
0,0,0.023807846
0,0,0.008108558
0,0,0.023985578
0,0,0.0036535398
0,0,0.005895561
0,0,0.004748315
0,0,0.08376263
0,0,0.35976106
0,0,0.006828445
0,0,0.14128421
0,0,0.010307619
1,1,0.871375
0,0,0.0009575321
0,0,0.0031940918
1,1,0.99174
0,0,0.0023256626
0,0,0.0039064055
0,0,0.002893547
0,0,0.010778379
0,0,0.09074977
0,0,0.0020073596
0,0,0.0006505997
0,0,0.00040295185
0,0,0.004590008
0,0,0.0038110816
0,0,0.17214684
0,0,0.0030622664
0,0,0.00061702245
0,0,0.22158109
0,0,0.004666739
0,0,0.000517074
0,0,0.0016363895
0,0,0.000283126
0,0,0.0005340951
0,0,0.16358615
0,0,0.40517223
0,0,0.04513245
0,0,0.0027585155
0,0,6.97683e-05
0,0,0.00044056444
1,1,0.9068594
0,0,0.012709172
0,0,0.007832253
0,0,0.0005756672
0,0,0.000396741
0,0,0.027561162
0,0,0.2613893
0,0,0.4146513
0,0,0.0005911731
1,1,0.9344835
1,1,0.89494026
0,0,0.010154199
0,0,0.00017923379
0,0,0.0029562507
0,0,0.00050424656
0,0,0.008926731
0,0,0.020415897
0,0,0.0017323211
0,0,0.014712845
0,0,0.00039155065
0,0,0.08204292
0,0,0.000106059786
0,0,0.00043929945
0,0,0.0007822221
0,0,0.00076718564
0,0,0.0005133949
0,0,0.00042665907
0,0,0.027358415
1,1,0.9389408
0,0,0.00053016684
0,0,0.0010306245
0,0,0.027044311
0,0,0.00088883634
0,0,0.021222938
0,0,0.002894871
1,1,0.8735117
0,0,0.0023389172
0,0,0.0005108178
0,0,0.035480708
0,0,0.00025787557
0,0,0.09802499
0,0,0.015807454
0,0,0.077212736
0,0,0.0012195429
0,0,0.0011115385
0,0,0.0022988368
0,0,0.0010626495
0,0,0.0007068975
0,0,6.518817e-05
0,0,0.0014264617
0,0,0.112897605
0,0,0.06078741
0,0,0.0023584163
1,1,0.8303701
0,0,0.00047819788
0,0,0.0657415
0,0,0.43140677
0,0,0.013837531
0,0,0.0009601164
0,0,0.0028633617
0,0,0.021506626
0,0,0.004532802
0,0,0.00039393688
0,0,0.0003198488
0,0,0.0023776712
0,0,0.0069950656
0,0,0.004058443
0,0,0.00083527365
0,0,0.0016647752
0,0,0.0044372138
0,0,0.00049743534
0,0,0.0005796007
0,0,0.059566498
0,0,0.234917
0,0,0.003370022
0,0,0.007721872
0,0,0.26249
0,0,0.0002248846
0,0,0.0010539327
0,0,0.005499373
0,0,0.17524323
0,0,0.00052625255
0,0,0.05682869
0,0,0.014232999
0,0,0.05918887
0,0,0.014904557
0,0,0.0024402332
0,0,0.0019271703
0,0,0.0005517509
1,1,0.70225596
0,0,0.0005441072
0,0,0.0013770027
1,1,0.98421407
1,1,0.991927
1,0,0.32345903
0,0,0.0009433356
0,0,0.01944958
0,0,0.033524487
0,0,0.020922076
0,0,0.00097288267
0,0,0.00020787318
0,0,0.0035021321
0,0,0.0005795035
0,0,0.0020808598
0,0,0.00046779736
0,0,0.05762834
1,1,0.99030906
1,0,0.5008717
0,0,0.008707889
0,0,0.009501174
1,1,0.9716754
0,0,0.00042639984
0,0,0.00054560596
0,0,0.00028400953
0,0,0.0028295277
0,0,0.00042487693
0,0,0.09782894
1,1,0.78043836
0,0,0.17632128
0,0,0.0049065137
0,0,0.0005205386
0,0,0.3352932
0,0,0.0063697
0,0,9.6359814e-05
1,1,0.68899477
0,0,0.005761639
0,0,0.001985852
0,0,0.0049482016
0,0,0.00054593786
1,1,0.7268114
0,0,0.11767155
0,0,0.0901813
0,0,0.00057311414
0,0,0.03679823
0,0,0.26483968
0,0,0.03417968
0,0,0.002569075
0,0,0.0039182333
0,0,0.08426253
0,0,0.00044652898
0,0,0.0005002672
0,0,0.005032158
0,0,0.007079408
0,0,0.011497088
0,0,0.09406443
0,0,0.27345133
0,0,0.0017950867
0,0,0.00068809575
0,0,0.0007784372
0,0,0.00027559215
0,0,0.25138333
0,0,0.0013814732
0,0,0.035500474
0,0,0.0008253641
0,0,0.001865171
0,0,0.014204813
0,0,0.0006055041
0,0,0.23785885
0,0,0.0029169868
0,0,0.005303597
0,0,0.08085615
0,0,0.013927549
0,0,0.001223161
0,0,0.009044112
0,0,0.001701635
0,0,0.0012705445
0,0,0.016158573
0,0,0.13935648
0,0,0.009958181
0,0,0.028558321
0,0,0.0048279
0,0,0.008988354
0,0,0.00031635276
0,0,0.0014250232
0,0,0.082596496
0,0,0.124664076
0,0,0.00070174196
0,0,0.02046857
1,1,0.6734326
0,0,0.02204637
0,0,0.00019750548
1,1,0.8177577
0,0,0.00030319794
0,0,0.00035589345
0,0,0.0020515244
0,0,8.8514695e-05
0,0,0.002782639
0,0,0.22549762
0,0,0.00028861195
0,0,0.0017857908
0,0,0.0006690029
0,0,0.0006882521
0,0,0.0016221452
1,1,0.74889845
0,0,0.000359106
0,0,0.039170153
0,0,0.0021466734
1,1,0.8828579
0,0,0.3958196
0,0,0.011285923
0,0,0.0022063733
0,0,0.0006116163
1,0,0.48517737
0,0,0.1702362
0,0,0.0007694649
0,0,0.0055069206
0,0,0.0015683285
0,0,0.0008258927
0,0,0.19670711
0,0,0.0052238237
0,0,0.01484962
0,0,0.034582324
0,0,0.0019192201
0,0,0.029187344
0,0,0.0005741614
0,0,0.00095275935
0,0,0.0024995143
0,0,0.043792978
1,1,0.9738133
0,0,0.00036154216
0,0,0.009545301
0,0,0.0016151138
0,0,0.004308647
1,1,0.92582256
0,0,0.0008436607
0,0,0.020337781
0,0,0.121912375
0,0,0.025752584
0,0,0.070758946
0,0,0.001090246
0,0,0.0012456368
0,0,0.024378747
0,0,0.022201322
0,0,0.0009893978
1,0,0.31155607
0,0,0.00038793223
0,0,0.0012302487
0,0,0.1423811
0,0,0.0012664992
0,0,0.0011354651
0,0,0.46983728
0,0,0.0051807645
0,0,0.36874753
0,0,0.006627857
0,0,0.00097139424
0,0,0.0026672042
0,0,0.008549094
0,0,0.002891985
0,0,0.005785192
0,0,0.0022350652
0,0,0.024803286
0,0,0.004663323
0,0,0.0033197086
0,0,0.00091131905
0,0,0.00034066456
0,0,0.021766938
0,0,0.0005116101
0,0,0.00020614317
0,0,0.19355689
0,0,0.030334141
1,0,0.43169424
0,0,0.00082473946
0,0,0.0029329166
0,0,0.079004206
0,0,0.0013939328
0,0,0.0011923726
0,0,0.0008866285
0,0,0.35755715
0,0,0.012213724
0,0,0.03258967
0,0,0.018823419
1,1,0.69206405
0,0,0.0021918411
0,0,0.008160458
0,0,0.42998102
0,0,0.017581042
1,1,0.95021003
0,0,0.00010513039
0,0,0.028177349
0,0,0.0009798589
0,0,0.06545433
0,0,0.003940773
0,0,0.43186572
0,0,0.0041057724
1,1,0.65446365
0,0,0.008372623
0,0,0.00027128155
1,0,0.406397
0,0,0.015725393
0,0,0.00035677195
0,0,0.00016746101
0,0,0.0009334721
0,0,0.008464555
0,0,0.0005291699
0,0,0.0025115984
0,0,0.32548952
0,0,0.010941884
0,0,0.23816344
0,0,0.0005361732
1,1,0.99088
0,0,0.0013001369
1,1,0.96169114
0,0,0.17531839
0,0,0.0027004723
0,0,0.0015158353
0,0,0.0006218034
0,0,0.011169065
0,0,0.0017582857
0,0,0.0007539791
0,0,0.011602572
0,0,0.00017509959
1,1,0.9544785
0,0,0.006346393
0,0,0.0025860167
0,0,0.20162497
0,0,0.0014487829
0,0,0.46970668
0,0,0.0005788984
0,0,7.069722e-05
0,0,0.24081776
1,1,0.62597805
0,0,0.009354175
1,1,0.99034774
0,0,0.0016818631
0,0,0.0061243596
0,0,0.00071675814
0,0,0.097479135
1,0,0.40154827
0,0,0.036382392
0,0,0.00024963205
0,0,0.005096265
0,0,0.032509778
0,0,0.0005880489
0,0,0.0004346978
1,1,0.70916456
0,0,0.00010608001
0,0,0.00029113793
0,0,0.00044933273
0,0,0.007211812
0,0,0.20312406
0,0,0.00015534426
0,0,0.030169358
0,0,0.048957467
0,0,0.0055635343
0,0,0.0013074602
0,0,0.0006145847
0,0,0.0041507585
0,0,0.10339931
0,0,0.0011612694
0,0,0.00269025
0,0,0.0100690955
0,0,0.0004848086
0,0,0.022725975
0,0,0.011680138
0,0,0.0064443066
0,0,0.103382826
0,0,0.018259063
0,0,0.0011756708
0,0,0.0019428957
0,0,0.00046745857
0,0,0.0048747975
0,0,0.30444112
0,0,0.0074738925
0,0,0.0023889951
0,0,0.0028733423
0,0,0.028850852
0,0,0.0021605212
0,0,0.020695657
0,0,0.0011069461
0,0,0.0062522856
0,0,0.008802847
0,0,0.08217639
0,0,0.0046588276
0,0,0.00025326113
0,0,0.36970162
0,0,0.0026014885
0,0,0.0008424693
0,0,0.001101312
0,0,0.011679439
0,0,8.02044e-05
0,0,0.00047530397
0,0,0.013878284
0,0,0.0005388355
0,0,0.0019225441
0,0,0.013030268
0,0,0.0003943248
1,1,0.9903441
0,0,0.06367775
0,0,0.0006490824
1,0,0.32322648
1,1,0.93085486
0,0,0.01351733
0,0,0.0017379393
0,0,0.0045358622
0,0,0.020985132
0,0,0.0050770734
0,0,0.0006156329
0,0,0.0011290626
0,0,0.43474597
0,0,0.052599598
0,0,0.00010938314
0,0,0.008032253
0,0,0.004463146
0,0,0.0015347112
0,0,0.000533792
1,1,0.86088985
1,1,0.9674763
0,0,0.0005983519
0,0,0.0013429999
1,1,0.63950545
0,0,0.068497896
0,0,0.00049121404
0,0,0.090829834
0,0,0.002061561
0,0,0.0019660578
0,0,0.00097429677
0,0,0.062174547
0,0,0.003129259
0,0,0.0045845644
0,0,0.0003291144
0,0,0.0009110122
0,0,0.085688
0,0,0.0008641449
0,0,0.0041355956
0,0,0.0011751591
0,0,0.0011426863
0,0,0.0006228432
0,0,0.00049905723
0,0,0.0012737542
0,0,0.0027177446
0,0,0.0012773235
0,0,0.0005174231
0,0,0.43975648
0,0,0.0021621655
0,0,0.0050048362
0,0,0.12511961
0,0,0.005853173
0,0,0.026148003
0,0,0.0010070086
0,0,0.0006147273
0,0,0.06295853
0,0,0.0004889568
0,0,0.0073028984
0,0,0.004423818
0,0,0.0011796087
0,0,0.017526332
0,0,0.001999159
0,0,0.007994965
0,0,0.00023004609
0,0,0.018393869
0,0,0.20681007
0,0,0.00031261434
0,0,0.003414995
0,0,0.005532126
0,0,0.11028645
0,0,0.0065368023
0,0,0.0007586082
0,0,0.00056891254
1,1,0.9899969
0,0,0.00241639
0,0,0.03705262
0,0,0.0034423773
0,0,0.087106176
0,0,0.504264
0,0,0.009924422
0,0,0.003192231
0,0,0.083069
0,0,0.066422656
0,0,0.0001445788
0,0,0.1453853
0,0,0.00040353523
1,1,0.99410015
0,0,0.0018180566
0,0,0.00012837246
0,0,0.006183196
0,0,0.0015497002
0,0,0.0137671335
0,0,0.005510141
0,0,0.11288411
0,0,0.06302496
0,0,0.02305074
0,0,0.08366958
0,0,0.00061148923
0,0,0.07046947
0,0,0.0061284476
0,0,0.01335259
0,0,0.00058137503
0,0,0.002166434
1,1,0.81762624
0,0,0.00031410687
0,0,0.00057117443
0,0,0.0141469
0,0,0.122451566
0,0,0.0006363774
0,0,0.271903
0,0,0.011881196
0,0,0.00031249365
0,0,0.001741646
0,0,0.00064674026
0,0,0.00039801517
0,0,0.02998173
0,0,0.10338084
1,0,0.43924087
0,0,0.010019562
0,0,0.0014656214
0,0,0.0076804664
0,0,0.0028950348
0,0,0.0012155413
0,0,0.00060311443
0,0,0.010039025
0,0,0.00034528627
1,1,0.9918828
0,0,0.007246366
0,0,0.0033401898
0,0,0.01160033
0,0,0.012871985
0,0,0.0034134162
1,1,0.95344615
0,0,0.00067819364
0,0,0.00072573015
1,1,0.777107
0,0,0.26614597
0,0,0.0003799742
0,0,0.083145574
0,0,0.0006483179
0,0,0.0005780163
0,0,0.0005405214
0,0,0.0023609845
1,0,0.4645039
0,0,0.0002300235
1,1,0.890674
0,0,0.006037636
0,0,0.0015270915
0,0,0.22291915
0,0,0.023598354
1,1,0.60226333
0,0,0.005533131
0,0,0.00712149
0,0,0.019876778
0,0,0.0033294002
0,0,0.004366781
0,0,0.048740733
0,0,0.0030101172
0,0,0.0010710541
0,0,0.14225312
1,1,0.9194108
0,0,0.003075228
0,0,0.00038340656
0,0,0.014877055
0,0,0.0007990082
0,0,0.0053823614
0,0,0.0008501228
0,0,0.026946098
0,0,0.0014527536
0,0,0.039009392
0,0,0.010382468
0,0,0.0027420605
0,0,0.0006136842
0,0,0.023089116
0,0,0.00024257418
0,0,0.0048141303
0,0,0.005938358
0,0,0.00067218434
0,0,0.08304482
0,0,0.0020562205
0,0,0.0013540263
0,0,0.005379457
1,1,0.68337977
0,0,0.0013597186
0,0,0.0120989205
0,0,0.00017635727
0,0,0.0009489992
0,0,0.31631842
0,0,0.0005225246
0,0,0.008752068
0,0,0.002248995
0,0,0.000458508
0,0,0.00025812132
0,0,0.00083805685
0,0,0.00040331352
0,0,0.00067465525
0,0,0.033587307
0,0,0.0005343319
0,0,0.00030165707
1,1,0.9863862
0,0,0.017073942
0,0,0.0013418673
0,0,0.0014711841
0,0,0.013318811
0,0,0.00019153154
0,0,0.0014397824
0,0,0.049290434
0,0,0.32968926
0,0,0.03617241
1,1,0.9915588
0,0,0.00021514196
0,0,0.010257119
0,0,0.0014488939
0,0,0.00044134632
1,1,0.9961616
0,0,0.00025639727
0,0,0.0012902761
0,0,0.00010353444
0,0,0.0010492202
0,0,0.0034620168
0,0,0.004463218
0,0,0.0015107192
1,1,0.6197693
0,0,0.018737298
0,0,0.009221422
0,0,0.31284708
1,1,0.9004409
0,0,0.09139864
0,0,0.00045179273
0,0,0.08237287
0,0,0.013702321
0,0,0.0034007083
0,0,0.00921242
0,0,0.07225743
0,0,0.1099919
0,0,0.12656179
0,0,0.00075625046
0,0,0.00559955
0,0,0.0003960112
0,0,0.0005557495
1,1,0.9684516
0,0,0.002217263
0,0,0.0015584693
0,0,0.0069391113
0,0,0.0005069946
0,0,0.029256094
0,0,0.016094543
0,0,0.002285523
0,0,0.014056349
0,0,0.00016436746
0,0,0.00040225987
0,0,0.011598542
0,0,0.0015149747
0,0,0.00020807784
0,0,0.25417525
0,0,0.0026694974
0,0,0.004503486
0,0,0.032331523
0,0,0.015748488
0,0,0.009290005
0,0,0.0075795506
0,0,0.00038032845
0,0,0.008145104
0,0,0.0028174208
0,0,0.010075518
0,0,0.0011841056
0,0,0.0033874353
0,0,0.0021496774
0,0,0.0014315704
0,0,0.083425365
0,0,0.00044790172
0,0,0.0003512249
0,0,0.0006139433
0,0,0.0039704856
1,1,0.8813384
0,0,0.005405502
0,0,0.1103601
0,0,0.00054186233
0,0,0.08344646
0,0,0.0016416939
0,0,0.0003427285
1,1,0.95574194
0,0,0.15679842
0,0,0.30254015
0,0,0.007413389
0,0,0.0027676339
0,0,0.0017249977
0,0,0.0019128687
0,0,0.015577979
0,0,0.00017499644
0,0,0.02577467
0,0,0.03218152
0,0,0.09126232
0,0,0.4146333
0,0,0.00012852348
0,0,0.0014466804
0,0,0.3067704
0,0,0.0014072232
0,0,0.00079178123
1,0,0.3993022
0,0,0.0010554177
0,0,0.00026834593
0,0,0.006433441
1,1,0.9950976
0,0,0.050096296
0,0,0.00022070523
0,0,0.0014473122
0,0,0.010159152
0,0,0.0134554515
0,0,0.0050301417
0,0,0.00044764794
0,0,0.0013027542
0,0,0.020538907
0,1,0.88466763
0,0,0.0016016802
0,0,0.00061694224
0,0,0.00075935974
0,0,0.028252259
0,0,0.009280969
1,1,0.94594574
0,0,0.007822936
0,0,0.0062634232
0,0,0.0040905965
0,0,0.007064364
0,0,0.0029022193
1,1,0.9033034
1,1,0.8935121
0,0,0.26617855
0,0,0.015298703
0,0,0.04178053
0,0,0.0008699918
0,0,0.0024305417
0,0,0.00062472094
0,0,0.21700096
0,0,0.002684429
0,0,0.0014223129
0,0,0.30063513
0,0,0.0011105293
0,0,0.005167128
0,0,0.000717974
0,0,0.0065245666
0,0,0.00076491135
0,0,0.10619125
0,0,0.09241574
0,0,0.001352311
0,0,0.0052352394
0,0,0.2594185
1,1,0.66850764
0,0,0.00067250023
0,0,0.054865204
0,0,0.0034035456
0,0,0.004951525
0,0,0.00069069414
0,0,0.00078036456
0,0,0.0033470355
0,0,0.0007182734
0,0,0.00032593167
0,0,0.08315573
0,0,0.014469778
0,0,0.00036850479
0,0,0.00013317469
0,0,0.029795188
0,0,0.0006821641
0,0,0.0061380747
0,0,0.43102038
0,0,0.00086155266
0,0,0.0007655391
0,0,0.000704744
0,0,0.0028419786
0,0,0.000401035
0,0,0.0030525562
0,0,0.0015770632
0,0,0.00043175436
0,0,0.0023966634
0,0,0.339575
0,0,0.0008884845
0,0,0.00046677978
0,0,0.00042375323
0,0,0.006742808
0,0,0.0003490589
0,0,0.0058968826
0,0,0.29054746
0,0,0.0005823331
0,0,0.0012594813
0,0,0.001646759
0,0,0.00094127876
0,0,0.12957796
0,0,0.0009649963
0,0,0.0010680086
0,0,0.019711537
0,0,0.023873752
0,0,0.0028407695
0,0,0.14645857
1,1,0.99396485
0,0,0.0015487458
0,0,0.0025566076
0,0,0.00016658701
1,1,0.9824306
0,0,0.07255587
0,0,0.0003621396
0,0,0.0114624305
0,0,0.0030234654
0,0,0.0022569215
0,0,0.0040835217
0,0,0.00434145
0,0,0.0068584527
0,0,0.08295349
0,0,0.08342238
0,0,0.0067814444
0,0,0.0039648963
0,0,0.053309444
0,0,0.000721939
0,0,0.0012066845
0,0,0.0029483878
0,0,0.0009731669
0,0,0.002405146
1,1,0.7618512
0,0,0.017031087
0,0,0.085126765
0,0,0.0032522161
0,0,0.0010831258
1,1,0.9955075
0,0,0.00075954496
0,0,0.10461267
0,0,0.021446
0,0,0.0049025784
0,0,0.0010335215
0,0,0.08329804
0,0,0.00046109443
0,0,0.016865687
0,0,0.0003071214
0,0,0.003924594
0,0,0.0010686492
0,0,0.017928684
0,0,0.0045466404
0,0,0.08306692
0,0,0.07540697
0,0,0.021431794
0,0,0.022513991
0,0,0.0011049391
1,1,0.6460581
0,0,0.003116183
0,0,0.0005965878
0,0,0.0024832014
0,0,0.0004480582
0,0,0.013245182
0,0,0.0021533873
0,0,0.0014343925
0,0,0.0007040519
0,0,0.0027351335
1,1,0.7752576
0,0,0.007904729
1,1,0.9149186
0,0,0.17485175
0,0,0.00036443354
0,0,0.07591471
0,0,0.00039872908
0,0,0.0005843577
0,0,8.336437e-05
1,1,0.9146382
1,1,0.7808815
0,0,0.06353514
0,0,0.0009592445
0,0,0.006743986
0,0,0.00048005627
0,0,0.08817992
0,0,0.001133751
0,0,0.0014333506
0,0,0.2549851
0,0,0.030583005
0,0,0.00042596072
0,0,0.0014663726
0,0,0.0050804825
0,0,0.0012354149
0,0,0.08280395
0,0,0.00023008094
0,0,0.2257675
0,0,0.006404677
0,0,0.017080193
0,0,0.0002977188
0,0,0.0008425392
0,0,0.0010384752
0,0,0.009719647
0,0,0.00063606875
0,0,0.0010865844
0,0,0.033257294
0,0,0.0076303617
0,0,0.033815324
0,0,0.0002552582
0,0,0.10431299
0,0,0.0010704058
1,1,0.90963024
0,0,0.0030891267
0,0,3.797176e-05
0,0,0.0018834423
0,0,0.0023438605
0,0,0.0005686751
0,0,0.011527731
0,0,0.017762601
0,0,0.007453493
0,0,0.0007421839
0,0,0.0007729856
0,0,0.0031257328
0,0,0.12221994
0,0,0.0008450767
0,0,0.0006574751
0,0,0.007870397
1,1,0.7770766
0,0,0.00349713
0,0,0.08222278
0,0,0.02442796
0,0,0.002256886
0,0,0.019161098
0,0,0.00032097567
0,0,0.020249804
0,0,0.04387534
0,0,0.00030207325
0,0,0.0018286381
0,0,0.08909974
0,0,0.0019358129
0,0,0.0002838896
0,0,0.0052133454
0,0,0.008745127
0,0,0.00096408784
0,0,0.00044510022
0,0,0.00024253443
0,0,0.06053266
0,0,0.22687304
1,1,0.81571007
0,0,0.0022977784
0,0,0.0012799199
0,0,0.0024665417
0,0,0.0029422026
0,0,0.0016586889
0,0,0.030426068
0,0,0.0009783021
0,0,0.004816973
0,0,0.0011936113
0,0,0.005452428
0,0,0.0026535538
0,0,0.0011256267
0,0,0.0023076544
0,0,0.00091587723
0,0,0.002386997
0,0,0.0018339535
0,0,0.0005507258
0,0,0.0028207088
0,0,0.0015512606
0,0,0.009848294
0,0,0.4114704
0,0,0.00047548342
0,0,0.00011791403
0,0,0.05177882
0,0,0.0011295618
0,0,0.0020139962
0,0,0.00030684777
0,0,0.00037320846
0,0,0.00034355538
0,0,0.006407196
0,0,0.0010375846
0,0,0.3349222
0,0,0.032826576
0,0,0.0029588505
0,0,0.0036701264
0,0,0.0071680495
0,0,0.00024531333
0,0,0.005537262
0,0,0.06483393
0,0,0.00033671787
0,0,0.03911029
0,0,0.00056624605
0,0,0.009693222
0,0,0.010371216
